{
    "fib_07.sl": 0.3306078420000631,
    "jmbl_fig9_vars.sl": 0.24053602399999363,
    "fib_28.sl": 0.36457924899991667,
    "fib_18.sl": 11.869605267999987,
    "jmbl_treax1.sl": 0.2012318239999331,
    "jmbl_cegar1_vars.sl": 0.27388623499996356,
    "gcnr_tacas08.sl": 1.7036923030000253,
    "fib_25n.sl": 0.3971246409998912,
    "jmbl_ex14_vars.sl": 0.24031259799994587,
    "jmbl_ex14-new.sl": 0.21362481999994998,
    "fib_37.sl": 0.43983484699992914,
    "jmbl_array_vars.sl": 0.5254014040001493,
    "cggmp2005_variant_true-unreach-call_true-termination.sl": 0.8414889719999792,
    "fib_11.sl": 0.9350146120000318,
    "jmbl_fig1-new.sl": 0.3646669219999694,
    "jmbl_inc.sl": 0.23422983399996156,
    "fig2.sl": 1.021103083000071,
    "jmbl_sum4_vars.sl": 0.5855816910000158,
    "jm2006_true-unreach-call_true-termination.sl": 0.8618775720001395,
    "jmbl_ex11_simpl-new.sl": 0.31048448700016706,
    "jmbl_matrix2.sl": 0.24638819999995576,
    "jmbl_formula27.sl": 0.9309587029999875,
    "jmbl_sum4_simp.sl": 0.5433159399999568,
    "jmbl_ex7.sl": 0.22677064000004066,
    "jmbl_sum1_vars.sl": 0.5188049119999505,
    "gj2007_true-unreach-call_true-termination.sl": 0.21674074399993515,
    "jmbl_dec_vars-new.sl": 0.13703367099992647,
    "jmbl_anfp.sl": 0.40648852999993323,
    "jmbl_trex1_vars.sl": 0.20758344099999704,
    "fib_20.sl": 36.52888095399999,
    "jmbl_ex11-new.sl": 0.278820886999938,
    "fib_05_x.sl": 0.46341208700005154,
    "jmbl_trex3.sl": 0.21168463100002555,
    "ex1.sl": 0.36311575900003845,
    "jmbl_fig3.sl": 0.4921458100000109,
    "fib_08.sl": 0.4824307679998583,
    "jmbl_anfp-new.sl": 0.4028036540000812,
    "jmbl_cegar2-new.sl": 0.9679888610000944,
    "jmbl_ex11_vars.sl": 0.24404614399986713,
    "minor3.sl": 0.2182174340000529,
    "minor2.sl": 0.2866322779998427,
    "jmbl_fig9.sl": 0.24710772700018424,
    "jmbl_formula25.sl": 0.34902898800010007,
    "jmbl_ex_23_vars.sl": 120.00020860200016,
    "fib_43.sl": 0.23432513800003107,
    "fib_44.sl": 1.3797535619999053,
    "underapprox_true-unreach-call2_true-termination.sl": 0.24180643499994403,
    "jmbl_inc_simp.sl": 0.298523065000154,
    "hhk2008_true-unreach-call_true-termination.sl": 5.241792840000016,
    "jmbl_ex14.sl": 0.20918481000012434,
    "jmbl_cggmp-new.sl": 3.0062749439998697,
    "jmbl_array.sl": 0.5727067269999679,
    "jmbl_ex11_vars-new.sl": 0.30957934100001694,
    "jmbl_cegar2.sl": 0.826434615999915,
    "fib_21.sl": 2.8049493970002004,
    "brett.sl": 0.5358725880000748,
    "fib_30_x.sl": 0.5017249810000521,
    "bkley.sl": 4.561865373000046,
    "inria-00615623_4.sl": 1.3486811279999529,
    "bk-nat.sl": 5.755569951000098,
    "jmbl_sum3.sl": 0.23690424500000518,
    "jmbl_sum1.sl": 0.55880054499994,
    "jm2006_variant_true-unreach-call_true-termination.sl": 0.9481887770000412,
    "jmbl_dec.sl": 0.18498304700005974,
    "jmbl_hola.07.sl": 29.78663847000007,
    "fib_04.sl": 0.5728006730000743,
    "jmbl_inc_vars.sl": 0.24550546699992992,
    "cggmp2005_true-unreach-call_true-termination.sl": 4.589621812000132,
    "jmbl_w1.sl": 0.19062125499999638,
    "jmbl_matrix2_simp.sl": 0.18785394399992583,
    "jmbl_cegar1_vars-new.sl": 0.25113384800010863,
    "jmbl_cggmp.sl": 1.778514057999928,
    "jmbl_ex7_vars.sl": 0.23022606900008213,
    "fib_35.sl": 0.34053400399989187,
    "jmbl_trex3_vars.sl": 0.21706077399994683,
    "jmbl_tacas_vars.sl": 3.7316762179998477,
    "jmbl_dec_vars.sl": 0.26335116300015216,
    "jmbl_sum3_vars.sl": 0.2365456649999942,
    "fib_19.sl": 4.377040851999936,
    "jmbl_dec_simpl-new.sl": 0.13913042100011808,
    "jmbl_sum4.sl": 0.5770191290000639,
    "jmbl_dec_simpl.sl": 0.2680287150001277,
    "fib_14.sl": 0.6239940440000282,
    "multivar_true-unreach-call1_true-termination.sl": 0.15551728600007664,
    "fib_23_x.sl": 0.38657990599995173,
    "gsv2008_true-unreach-call_true-termination.sl": 0.3245749230000001,
    "jmbl_hola.05.sl": 0.4689662760001738,
    "jmbl_fig3_vars.sl": 0.3617467609999494,
    "fib_01.sl": 0.2289412740001353,
    "cars.sl": 1.6188683759999094,
    "terminator_02_true-unreach-call_true-termination.sl": 0.046400559999938196,
    "jmbl_fig1_vars.sl": 0.3633334470000591,
    "jmbl_array_simp.sl": 1.4313274910000473,
    "jmbl_dec-new.sl": 0.18602939999982482,
    "jmbl_vsend.sl": 0.2141773779999312,
    "jmbl_ex11.sl": 0.2762948629999755,
    "jmbl_ex11_simpl.sl": 0.30947825600014767,
    "fib_16.sl": 2.0226305729997875,
    "fib_32.sl": 120.00028097999984,
    "jmbl_hola.20.sl": 12.76448137300008,
    "jmbl_tacas.sl": 2.7749747710001884,
    "jmbl_fig1.sl": 0.6907687469999928,
    "fib_41.sl": 0.3837717829999292,
    "const_true-unreach-call1.sl": 0.32862372900012815,
    "fib_10.sl": 0.6847167539999646,
    "jmbl_cegar2_vars.sl": 0.9198290150000048,
    "fib_13.sl": 0.8101552450000327,
    "jmbl_hola.41.sl": 0.5918599040001027,
    "minor1.sl": 0.20201549700004762,
    "vardep.sl": 0.2735046010000133,
    "jmbl_formula22.sl": 0.8025076820001686,
    "jmbl_hola.44.sl": 1.5046991500000786,
    "fib_15.sl": 1.2554169509999156,
    "jmbl_cegar1-new.sl": 0.2549150990000726,
    "fib_17n.sl": 120.00023023799986,
    "jmbl_cegar2_vars-new.sl": 0.5001875169998584,
    "jmbl_ex14_simp.sl": 0.236588761999883,
    "jmbl_fig1_vars-new.sl": 0.3395449649999591,
    "fib_33ns.sl": 120.00024249300009,
    "jmbl_hola_countud.sl": 0.6930793450001147,
    "terminator_03_true-unreach-call_true-termination.sl": 0.0449725450000642,
    "jmbl_array-new.sl": 1.4184416939999664,
    "jmbl_hola_add.sl": 0.2785818500001369,
    "jmbl_cegar1.sl": 0.2710065820001546,
    "fib_09s.sl": 0.6311517440001353,
    "gj2007b_true-unreach-call_true-termination.sl": 1.0021764509999684,
    "jmbl_ex23.sl": 120.00021723400027
}
